2605,الوسطى,16/01/2023,شتوي,ابراج الكلية,شرقي,400,55,96,45,48,400,400,400,230,230,230
2605,الوسطى,16/01/2023,شتوي,ابراج الكلية 2,شمالي,400,7,45,15,33,400,400,400,230,230,230
2605,الوسطى,16/01/2023,شتوي,ابراج الكلية 2,شرقي,400,34,47,49,13,400,400,400,230,230,230
2605,الوسطى,16/01/2023,شتوي,ابراج الكلية 2,غربي,400,22,15,28,9,400,400,400,230,230,230
2605,الوسطى,16/01/2023,شتوي,ابراج الكلية 2,جنوبي,400,39,17,22,13,400,400,400,230,230,230
2605,الوسطى,16/01/2023,شتوي,ابراج الكلية 2,شمالي اضافية,400,99,71,60,42,400,400,400,230,230,230
2595,الوسطى,14/01/2023,شتوي,ابو بكرة,شمالي,400,139,51,39,99,400,400,400,230,230,230
2595,الوسطى,14/01/2023,شتوي,ابو بكرة,شرقي,400,49,74,75,24,400,400,400,230,230,230
2595,الوسطى,14/01/2023,شتوي,ابو بكرة,غربي,400,59,27,34,22,400,400,400,230,230,230
2595,الوسطى,14/01/2023,شتوي,ابو بكرة,جنوبي,400,106,82,154,66,400,400,400,230,230,230
2605,الوسطى,16/01/2023,شتوي,ابو جبر,لوحة سكادا ض.م,400,279,440,485,0,400,400,400,230,230,230
2595,الوسطى,14/01/2023,شتوي,ابو جميزة,شمالي,400,3,4,3,5,400,400,400,230,230,230
2595,الوسطى,14/01/2023,شتوي,ابو جميزة,غربي,400,121,77,83,62,400,400,400,230,230,230
2595,الوسطى,14/01/2023,شتوي,ابو جميزة,جنوبي,400,107,113,147,50,400,400,400,230,230,230
2605,الوسطى,16/01/2023,شتوي,ابو حسني,لوحة سكادا ض.م,400,289,282,235,0,400,400,400,230,230,230
2595,الوسطى,14/01/2023,شتوي,ابو خطاب,شمالي,400,27,33,44,16,400,400,400,230,230,230
2595,الوسطى,14/01/2023,شتوي,ابو خطاب,شرقي,400,81,111,192,93,400,400,400,230,230,230
2595,الوسطى,14/01/2023,شتوي,ابو خطاب,غربي,400,60,165,48,118,400,400,400,230,230,230
2831,الوسطى,28/02/2023,شتوي,ابو سلطان سكان,شرقي,400,81,59,44,25,400,400,400,230,230,230
2831,الوسطى,28/02/2023,شتوي,ابو سلطان سكان,غربي,400,75,73,95,34,400,400,400,230,230,230
2831,الوسطى,28/02/2023,شتوي,ابو سلطان سكان,جنوبي,400,24,28,24,4,400,400,400,230,230,230
2605,الوسطى,16/01/2023,شتوي,ابو عريف 3 - الزريعي,لوحة سكادا ض.م,400,462,347,392,0,400,400,400,230,230,230
2605,الوسطى,16/01/2023,شتوي,ابو ندى - الحبيبي,شمالي,400,176,77,135,86,400,400,400,230,230,230
2605,الوسطى,16/01/2023,شتوي,ابو ندى - الحبيبي,غربي,400,194,204,176,33,400,400,400,230,230,230
2605,الوسطى,16/01/2023,شتوي,ابو ندى - الحبيبي,جنوبي,400,100,39,100,66,400,400,400,230,230,230
2595,الوسطى,14/01/2023,شتوي,ابو هولي - ام ظهير,شمالي,400,39,28,29,19,400,400,400,230,230,230
2595,الوسطى,14/01/2023,شتوي,ابو هولي - ام ظهير,شرقي,400,180,99,163,0,400,400,400,230,230,230
2595,الوسطى,14/01/2023,شتوي,ابو هولي - ام ظهير,غربي,400,26,25,66,37,400,400,400,230,230,230
2595,الوسطى,14/01/2023,شتوي,ابو هولي - ام ظهير,جنوبي,400,29,37,79,0,400,400,400,230,230,230
2595,الوسطى,14/01/2023,شتوي,احمد رباح,شمالي,400,70,88,110,7,400,400,400,230,230,230
2595,الوسطى,14/01/2023,شتوي,احمد رباح,شرقي,400,148,117,116,132,25,400,400,230,230,230
2595,الوسطى,14/01/2023,شتوي,احمد رباح,جنوبي,400,78,62,44,26,400,400,400,230,230,230
2595,الوسطى,14/01/2023,شتوي,افراز ابو سليم,شمالي,400,165,124,216,78,400,400,400,230,230,230
2595,الوسطى,14/01/2023,شتوي,افراز ابو سليم,شرقي,400,14,73,30,52,400,400,400,230,230,230
2605,الوسطى,16/01/2023,شتوي,الاقصى سكان,شمالي,400,49,126,71,0,400,400,400,230,230,230
2605,الوسطى,16/01/2023,شتوي,الاقصى سكان,غربي,400,60,115,55,0,400,400,400,230,230,230
2605,الوسطى,16/01/2023,شتوي,الاقصى سكان,جنوبي,400,110,58,29,59,400,400,400,230,230,230
2596,الوسطى,16/01/2023,شتوي,البحيصي,شمالي,400,77,145,79,61,400,400,400,230,230,230
2596,الوسطى,16/01/2023,شتوي,البحيصي,جنوبي,400,68,66,145,79,400,400,400,230,230,230
2831,الوسطى,28/02/2023,شتوي,البخاري,شمالي,400,242,201,190,82,400,400,400,230,230,230
2831,الوسطى,28/02/2023,شتوي,البخاري,شرقي,400,128,80,94,54,400,400,400,230,230,230
2831,الوسطى,28/02/2023,شتوي,البخاري,جنوبي,400,6,5,2,7,400,400,400,230,230,230
2595,الوسطى,14/01/2023,شتوي,البركة,شمالي,400,18,90,88,8,400,400,400,230,230,230
2595,الوسطى,14/01/2023,شتوي,البركة,شرقي,400,49,73,130,72,400,400,400,230,230,230
2595,الوسطى,14/01/2023,شتوي,البركة,غربي,400,106,112,143,0,400,400,400,230,230,230
2595,الوسطى,14/01/2023,شتوي,البركة,جنوبي,400,81,44,41,52,400,400,400,230,230,230
2595,الوسطى,14/01/2023,شتوي,البروك,شمالي,400,45,10,60,0,400,400,400,230,230,230
2595,الوسطى,14/01/2023,شتوي,البروك,غربي,400,110,5,62,90,400,400,400,230,230,230
2595,الوسطى,14/01/2023,شتوي,البروك,جنوبي,400,107,93,111,0,400,400,400,230,230,230
2605,الوسطى,16/01/2023,شتوي,البلد,لوحة سكادا ض.م,400,490,298,416,0,400,400,400,230,230,230
2596,الوسطى,16/01/2023,شتوي,البنا,شمالي,400,0,0,0,0,400,400,400,230,230,230
2596,الوسطى,16/01/2023,شتوي,البنا,شرقي,400,44,33,27,0,400,400,400,230,230,230
2596,الوسطى,16/01/2023,شتوي,البنا,غربي,400,44,69,52,19,400,400,400,230,230,230
2596,الوسطى,16/01/2023,شتوي,البنا,جنوبي,400,8,13,8,8,400,400,400,230,230,230
2657,الوسطى,22/01/2023,شتوي,البيت الذهبي,1,400,88,66,86,33,400,400,400,230,230,230
2657,الوسطى,22/01/2023,شتوي,البيئة,شمالي,400,29,13,46,15,400,400,400,230,230,230
2657,الوسطى,22/01/2023,شتوي,البيئة,شرقي,400,105,97,102,27,400,400,400,230,230,230
2657,الوسطى,22/01/2023,شتوي,البيئة,غربي,400,27,22,77,50,400,400,400,230,230,230
2657,الوسطى,22/01/2023,شتوي,البيئة,جنوبي,400,165,136,202,48,400,400,400,230,230,230
2605,الوسطى,16/01/2023,شتوي,التاهيل - كراج المعسكر,شمالي,400,38,198,132,117,400,400,400,230,230,230
2605,الوسطى,16/01/2023,شتوي,التاهيل - كراج المعسكر,شرقي,400,132,134,231,121,400,400,400,230,230,230
2605,الوسطى,16/01/2023,شتوي,التاهيل - كراج المعسكر,غربي,400,116,79,81,49,400,400,400,230,230,230
2605,الوسطى,16/01/2023,شتوي,التحلية - جامع ابو سليم,لوحة سكادا ض.م,400,463,414,317,0,400,400,400,230,230,230
2605,الوسطى,16/01/2023,شتوي,التموين,لوحة سكادا ض.م,400,226,215,182,0,400,400,400,230,230,230
2605,الوسطى,16/01/2023,شتوي,الحدبة,لوحة سكادا ض.م,400,155,270,189,0,400,400,400,230,230,230
2595,الوسطى,14/01/2023,شتوي,الحكر - السويركي,شمالي,400,176,172,173,0,400,400,400,230,230,230
2595,الوسطى,14/01/2023,شتوي,الحكر - السويركي,شرقي,400,0,0,0,0,400,400,400,230,230,230
2595,الوسطى,14/01/2023,شتوي,الحكر - السويركي,غربي,400,3,23,12,17,400,400,400,230,230,230
2595,الوسطى,14/01/2023,شتوي,الحكر - السويركي,جنوبي,400,225,404,277,0,400,400,400,230,230,230
2595,الوسطى,14/01/2023,شتوي,الحكر - السويركي,غربي اضافية,400,30,71,105,0,400,400,400,230,230,230
2657,الوسطى,22/01/2023,شتوي,السلام,شمالي,400,89,85,84,0,400,400,400,230,230,230
2657,الوسطى,22/01/2023,شتوي,السلام,شرقي,400,143,189,176,0,400,400,400,230,230,230
2657,الوسطى,22/01/2023,شتوي,السلام,غربي,400,168,157,61,99,400,400,400,230,230,230
2657,الوسطى,22/01/2023,شتوي,السلام,جنوبي,400,0,0,0,0,400,400,400,230,230,230
2595,الوسطى,14/01/2023,شتوي,السلقاوي,شمالي,400,223,143,203,68,400,400,400,230,230,230
2595,الوسطى,14/01/2023,شتوي,السلقاوي,شرقي,400,143,198,124,79,400,400,400,230,230,230
2595,الوسطى,14/01/2023,شتوي,السلقاوي,جنوبي,400,170,140,17,0,400,400,400,230,230,230
2605,الوسطى,16/01/2023,شتوي,الشارع التجاري,شمالي,400,50,67,89,34,400,400,400,230,230,230
2605,الوسطى,16/01/2023,شتوي,الشارع التجاري,شرقي,400,70,123,59,66,400,400,400,230,230,230
2605,الوسطى,16/01/2023,شتوي,الشارع التجاري,غربي,400,33,60,18,30,400,400,400,230,230,230
2605,الوسطى,16/01/2023,شتوي,الشارع التجاري,جنوبي,400,68,83,132,62,400,400,400,230,230,230
2596,الوسطى,16/01/2023,شتوي,الشيخ داوود,شمالي,400,209,121,60,124,400,400,400,230,230,230
2596,الوسطى,16/01/2023,شتوي,الشيخ داوود,شرقي,400,110,24,30,66,400,400,400,230,230,230
2596,الوسطى,16/01/2023,شتوي,الشيخ داوود,غربي,400,18,33,48,27,400,400,400,230,230,230
2596,الوسطى,16/01/2023,شتوي,الشيخ داوود,جنوبي,400,104,99,93,17,400,400,400,230,230,230
2605,الوسطى,16/01/2023,شتوي,المحطة - ابو مصبح,لوحة سكادا ض.م,400,341,423,166,0,400,400,400,230,230,230
رقم التكليف,المقر,تاريخ القياس,نظام القياس ,المحول,اتجاه السكينة,قدرةالسكينة,قياس التيار,,,,الجهد بين الفازات,,,,,
2595,الوسطى,14/01/2023,شتوي,المدرسة الصناعية,شرقي,400,0,0,0,0,400,400,400,230,230,230
2595,الوسطى,14/01/2023,شتوي,المدرسة الصناعية,غربي,400,78,137,103,38,400,400,400,230,230,230
2595,الوسطى,14/01/2023,شتوي,المزرعة,شمالي,400,81,127,150,107,400,400,400,230,230,230
2595,الوسطى,14/01/2023,شتوي,المزرعة,شرقي,400,60,70,58,0,400,400,400,230,230,230
2595,الوسطى,14/01/2023,شتوي,المزرعة,غربي,400,50,152,261,0,400,400,400,230,230,230
2595,الوسطى,14/01/2023,شتوي,المزرعة,جنوبي,400,80,124,156,66,400,400,400,230,230,230
2595,الوسطى,14/01/2023,شتوي,المشاعلة,شمالي,400,287,84,133,0,400,400,400,230,230,230
2595,الوسطى,14/01/2023,شتوي,المشاعلة,شرقي,400,198,166,140,45,400,400,400,230,230,230
2595,الوسطى,14/01/2023,شتوي,المشاعلة,غربي,400,137,50,31,0,400,400,400,230,230,230
2595,الوسطى,14/01/2023,شتوي,المشاعلة,جنوبي,400,114,139,91,60,400,400,400,230,230,230
2577,الوسطى,11/01/2023,شتوي,المشحمة,شمالي,400,85,113,61,72,400,400,400,230,230,230
2577,الوسطى,11/01/2023,شتوي,المشحمة,شرقي,400,132,73,126,99,400,400,400,230,230,230
2577,الوسطى,11/01/2023,شتوي,المشحمة,غربي,400,209,138,202,81,400,400,400,230,230,230
2596,الوسطى,16/01/2023,شتوي,النجار (البصة) جامع الرباط,شمالي,400,70,77,157,71,400,400,400,230,230,230
2596,الوسطى,16/01/2023,شتوي,النجار (البصة) جامع الرباط,غربي,400,7,4,2,2,400,400,400,230,230,230
2596,الوسطى,16/01/2023,شتوي,النجار (البصة) جامع الرباط,جنوبي,400,158,154,110,88,400,400,400,230,230,230
2596,الوسطى,16/01/2023,شتوي,النخالة,شمالي,400,90,85,39,44,400,400,400,230,230,230
2596,الوسطى,16/01/2023,شتوي,النخالة,شرقي,400,8,36,41,36,400,400,400,230,230,230
2596,الوسطى,16/01/2023,شتوي,النخالة,غربي,400,11,44,10,20,400,400,400,230,230,230
2596,الوسطى,16/01/2023,شتوي,النخالة,جنوبي,400,85,8,49,66,400,400,400,230,230,230
2605,الوسطى,16/01/2023,شتوي,أبو عريف 1,لوحة سكادا ض.م,400,311,470,421,0,400,400,400,230,230,230
2605,الوسطى,16/01/2023,شتوي,أبوعريف 2,لوحة سكادا ض.م,400,490,393,469,0,400,400,400,230,230,230
2657,الوسطى,22/01/2023,شتوي,بابور الطحين,شمالي,400,242,190,205,66,400,400,400,230,230,230
2657,الوسطى,22/01/2023,شتوي,بابور الطحين,شرقي,400,89,66,116,0,400,400,400,230,230,230
2657,الوسطى,22/01/2023,شتوي,بابور الطحين,غربي,400,22,30,10,0,400,400,400,230,230,230
2657,الوسطى,22/01/2023,شتوي,بابور الطحين,جنوبي,400,55,27,41,0,400,400,400,230,230,230
2605,الوسطى,16/01/2023,شتوي,برج ابو سمرة ارضي,1,400,34,20,10,25,400,400,400,230,230,230
2605,الوسطى,16/01/2023,شتوي,برج ابو سمرة ارضي,2,400,30,34,50,10,400,400,400,230,230,230
2605,الوسطى,16/01/2023,شتوي,برج ابو سمرة ارضي,3,400,20,27,55,38,400,400,400,230,230,230
2610,الوسطى,17/01/2023,شتوي,برج فلسطين 2+3,شمالي,400,4,2,1,5,400,400,400,230,230,230
2610,الوسطى,17/01/2023,شتوي,برج فلسطين 2+3,شرقي,400,182,215,189,46,400,400,400,230,230,230
2610,الوسطى,17/01/2023,شتوي,برج فلسطين 2+3,غربي,400,36,49,49,18,400,400,400,230,230,230
2610,الوسطى,17/01/2023,شتوي,برج فلسطين 2+3,جنوبي,400,202,215,144,69,400,400,400,230,230,230
2605,الوسطى,16/01/2023,شتوي,برج ماضي,شمالي,400,269,225,271,55,400,400,400,230,230,230
2595,الوسطى,14/01/2023,شتوي,بلاستيكو,شمالي,400,66,8,102,0,400,400,400,230,230,230
2595,الوسطى,14/01/2023,شتوي,بلاستيكو,غربي,400,77,84,78,0,400,400,400,230,230,230
2595,الوسطى,14/01/2023,شتوي,بلاستيكو,جنوبي,400,170,158,99,0,400,400,400,230,230,230
2707,الوسطى,02/02/2023,شتوي,بنك فلسطين - دير البلح,شمالي,400,38,27,33,9,400,400,400,230,230,230
2707,الوسطى,02/02/2023,شتوي,بنك فلسطين - دير البلح,شرقي,400,0,0,0,0,400,400,400,230,230,230
2595,الوسطى,14/01/2023,شتوي,بئر مياه دير البلح 4,شمالي,400,58,60,88,0,400,400,400,230,230,230
2595,الوسطى,14/01/2023,شتوي,بئر مياه دير البلح 4,شرقي,400,22,22,22,22,400,400,400,230,230,230
2595,الوسطى,14/01/2023,شتوي,بئر مياه دير البلح 5,شمالي,400,42,38,35,5,400,400,400,230,230,230
2595,الوسطى,14/01/2023,شتوي,بئر مياه دير البلح 5,شرقي,400,12,4,9,0,400,400,400,230,230,230
2595,الوسطى,14/01/2023,شتوي,بئر مياه دير البلح 5,جنوبي,400,38,31,30,0,400,400,400,230,230,230
2777,الوسطى,12/02/2023,شتوي,بئر مياه دير البلح 6,شمالي,400,46,48,44,6,400,400,400,230,230,230
2777,الوسطى,12/02/2023,شتوي,بئر مياه دير البلح 6,شرقي,400,47,11,12,11,400,400,400,230,230,230
2777,الوسطى,12/02/2023,شتوي,بئر مياه دير البلح 6,جنوبي,400,12,11,47,22,400,400,400,230,230,230
2605,الوسطى,16/01/2023,شتوي,تحلية البصة - ارضي,1,400,605,544,508,0,400,400,400,230,230,230
2605,الوسطى,16/01/2023,شتوي,تحلية البصة - هوائي,شمالي,400,0,0,0,0,400,400,400,230,230,230
2605,الوسطى,16/01/2023,شتوي,تحلية البصة - هوائي,1,400,220,236,181,0,400,400,400,230,230,230
2777,الوسطى,12/02/2023,شتوي,تحلية مياة البركة - دير البلح,1,1600,"1,839.00","1,839.00","1,840.00",33,400,400,400,230,230,230
2595,الوسطى,14/01/2023,شتوي,جامع الفرقان,شمالي,400,253,349,149,156,400,400,400,230,230,230
2595,الوسطى,14/01/2023,شتوي,جامع الفرقان,شرقي,400,93,100,50,49,400,400,400,230,230,230
2595,الوسطى,14/01/2023,شتوي,جامع الفرقان,جنوبي,400,58,68,101,55,400,400,400,230,230,230
2596,الوسطى,16/01/2023,شتوي,جمعية الصلاح - دير البلح,شمالي,400,110,126,192,0,400,400,400,230,230,230
2596,الوسطى,16/01/2023,شتوي,جمعية الصلاح - دير البلح,شرقي,400,68,124,137,62,400,400,400,230,230,230
2596,الوسطى,16/01/2023,شتوي,جمعية الصلاح - دير البلح,غربي,400,165,115,126,49,400,400,400,230,230,230
2596,الوسطى,16/01/2023,شتوي,جمعية الصلاح - دير البلح,جنوبي,400,18,8,38,0,400,400,400,230,230,230
2595,الوسطى,14/01/2023,شتوي,حارة برغوث - الراعي,شمالي,400,135,220,159,77,400,400,400,230,230,230
2595,الوسطى,14/01/2023,شتوي,حارة برغوث - الراعي,شرقي,400,40,47,60,17,400,400,400,230,230,230
2595,الوسطى,14/01/2023,شتوي,حارة برغوث - الراعي,غربي,400,8,14,6,11,400,400,400,230,230,230
2595,الوسطى,14/01/2023,شتوي,حارة برغوث - الراعي,جنوبي,400,158,99,165,40,400,400,400,230,230,230
2605,الوسطى,16/01/2023,شتوي,خزان الاقصى,جنوبي,400,85,83,100,4,400,400,400,230,230,230
2605,الوسطى,16/01/2023,شتوي,خزان الاقصى,لوحة سكادا ض.م,400,236,154,199,66,400,400,400,230,230,230
2777,الوسطى,12/02/2023,شتوي,خزان البركة,شرقي,400,165,128,157,9,400,400,400,230,230,230
2610,الوسطى,17/01/2023,شتوي,رنق ابو سليم ,شمالي,400,167,100,80,0,400,400,400,230,230,230
2610,الوسطى,17/01/2023,شتوي,رنق ابو سليم ,شرقي,400,0,0,0,0,400,400,400,230,230,230
2610,الوسطى,17/01/2023,شتوي,رنق ابو سليم ,جنوبي,400,55,22,68,51,400,400,400,230,230,230
2595,الوسطى,14/01/2023,شتوي,رنق البخاري,شمالي,400,282,192,203,88,400,400,400,230,230,230
2595,الوسطى,14/01/2023,شتوي,رنق البخاري,شمالي,400,121,128,104,29,400,400,400,230,230,230
2595,الوسطى,14/01/2023,شتوي,رنق البخاري,شرقي,400,66,105,88,36,400,400,400,230,230,230
2595,الوسطى,14/01/2023,شتوي,رنق البخاري,غربي,400,82,143,93,56,400,400,400,230,230,230
2595,الوسطى,14/01/2023,شتوي,رنق البخاري,جنوبي,400,8,7,8,9,400,400,400,230,230,230
2595,الوسطى,14/01/2023,شتوي,رنق البخاري,جنوبي,400,90,95,99,49,400,400,400,230,230,230
2595,الوسطى,14/01/2023,شتوي,رنق المشاعلة,غربي,400,51,50,31,25,400,400,400,230,230,230
2595,الوسطى,14/01/2023,شتوي,رنق المشاعلة,جنوبي,400,49,105,172,106,400,400,400,230,230,230
2657,الوسطى,22/01/2023,شتوي,زكريا,شرقي,400,135,200,116,86,400,400,400,230,230,230
2657,الوسطى,22/01/2023,شتوي,زكريا,غربي,400,192,165,253,88,400,400,400,230,230,230
2657,الوسطى,22/01/2023,شتوي,زكريا,جنوبي,400,154,128,96,0,400,400,400,230,230,230
2605,الوسطى,16/01/2023,شتوي,زكريا,شرقي,400,93,143,72,66,400,400,400,230,230,230
2605,الوسطى,16/01/2023,شتوي,زكريا,غربي,400,170,59,105,99,400,400,400,230,230,230
2605,الوسطى,16/01/2023,شتوي,زكريا,جنوبي,400,88,49,47,0,400,400,400,230,230,230
2605,الوسطى,16/01/2023,شتوي,ساهر الاعور,سكينة انارة,400,132,166,123,0,400,400,400,230,230,230
2596,الوسطى,16/01/2023,شتوي,سلمان,شمالي,400,11,49,11,40,400,400,400,230,230,230
2596,الوسطى,16/01/2023,شتوي,سلمان,غربي,400,91,79,104,19,400,400,400,230,230,230
2596,الوسطى,16/01/2023,شتوي,سلمان,جنوبي,400,154,61,67,93,400,400,400,230,230,230
2596,الوسطى,16/01/2023,شتوي,شارع العزايزة,شمالي,400,198,245,77,138,400,400,400,230,230,230
2596,الوسطى,16/01/2023,شتوي,شارع العزايزة,شرقي,400,66,88,60,33,400,400,400,230,230,230
2596,الوسطى,16/01/2023,شتوي,شارع العزايزة,جنوبي,400,66,24,55,36,400,400,400,230,230,230
2595,الوسطى,14/01/2023,شتوي,صبري,شمالي,400,6,15,8,0,400,400,400,230,230,230
2595,الوسطى,14/01/2023,شتوي,صبري,شرقي,400,148,181,220,61,400,400,400,230,230,230
2595,الوسطى,14/01/2023,شتوي,صبري,غربي,400,147,176,126,57,400,400,400,230,230,230
2595,الوسطى,14/01/2023,شتوي,صبري,جنوبي,400,13,11,37,26,400,400,400,230,230,230
2595,الوسطى,14/01/2023,شتوي,عاهد اللحام,شرقي,400,132,124,242,115,400,400,400,230,230,230
2595,الوسطى,14/01/2023,شتوي,عاهد اللحام,غربي,400,41,92,90,41,400,400,400,230,230,230
2595,الوسطى,14/01/2023,شتوي,عاهد اللحام,جنوبي,400,202,183,179,38,400,400,400,230,230,230
2595,الوسطى,14/01/2023,شتوي,عدلي,شمالي,400,214,224,205,0,400,400,400,230,230,230
2595,الوسطى,14/01/2023,شتوي,عدلي,شرقي,400,13,5,2,0,400,400,400,230,230,230
2595,الوسطى,14/01/2023,شتوي,عدلي,غربي,400,187,264,272,87,400,400,400,230,230,230
2595,الوسطى,14/01/2023,شتوي,عدلي,جنوبي,400,19,36,77,0,400,400,400,230,230,230
2596,الوسطى,16/01/2023,شتوي,عمارة دلول - عكيلة,شرقي,400,132,156,92,55,400,400,400,230,230,230
2596,الوسطى,16/01/2023,شتوي,عمارة دلول - عكيلة,غربي,400,24,37,12,22,400,400,400,230,230,230
2596,الوسطى,16/01/2023,شتوي,عمارة دلول - عكيلة,جنوبي,400,0,0,0,0,400,400,400,230,230,230
2657,الوسطى,22/01/2023,شتوي,عمارة صيام - دير البلح,شمالي,400,110,88,88,0,400,400,400,230,230,230
2657,الوسطى,22/01/2023,شتوي,عمارة صيام - دير البلح,شرقي,400,133,66,151,74,400,400,400,230,230,230
2657,الوسطى,22/01/2023,شتوي,عمارة صيام - دير البلح,غربي,400,49,44,26,22,400,400,400,230,230,230
2657,الوسطى,22/01/2023,شتوي,عمارة صيام - دير البلح,جنوبي,400,18,14,13,6,400,400,400,230,230,230
2605,الوسطى,16/01/2023,شتوي,عيادة الوكالة - دير البلح ,شمالي,400,55,3,6,46,400,400,400,230,230,230
2605,الوسطى,16/01/2023,شتوي,عيادة الوكالة - دير البلح ,غربي,400,189,113,105,81,400,400,400,230,230,230
2595,الوسطى,14/01/2023,شتوي,فقاسة صافي ,غربي,400,61,62,95,23,400,400,400,230,230,230
2595,الوسطى,14/01/2023,شتوي,فقاسة عفانة,1,0,0,0,0,0,400,400,400,230,230,230
2595,الوسطى,14/01/2023,شتوي,قصر ابو سليم,شمالي,400,193,149,230,81,400,400,400,230,230,230
2595,الوسطى,14/01/2023,شتوي,قصر ابو سليم,شرقي,400,129,138,130,55,400,400,400,230,230,230
2595,الوسطى,14/01/2023,شتوي,قصر ابو سليم,جنوبي,400,133,78,105,46,400,400,400,230,230,230
2595,الوسطى,14/01/2023,شتوي,قوات ال17,شرقي,400,165,160,159,47,400,400,400,230,230,230
2595,الوسطى,14/01/2023,شتوي,قوات ال17,غربي,400,222,203,207,45,400,400,400,230,230,230
2605,الوسطى,16/01/2023,شتوي,كلية فلسطين التقنية - خاص,1,400,27,24,39,30,400,400,400,230,230,230
2605,الوسطى,16/01/2023,شتوي,كلية فلسطين التقنية - سكان,شمالي,400,198,195,239,0,400,400,400,230,230,230
2605,الوسطى,16/01/2023,شتوي,كلية فلسطين التقنية - سكان,غربي,400,253,188,165,0,400,400,400,230,230,230
2605,الوسطى,16/01/2023,شتوي,كلية فلسطين التقنية - سكان,جنوبي,400,57,55,165,0,400,400,400,230,230,230
2595,الوسطى,14/01/2023,شتوي,محطة غاز ابو سليم,شمالي,400,172,88,169,83,400,400,400,230,230,230
2595,الوسطى,14/01/2023,شتوي,محطة غاز ابو سليم,غربي,400,3,2,41,41,400,400,400,230,230,230
2595,الوسطى,14/01/2023,شتوي,محطة غاز ابو سليم,جنوبي,400,10,30,45,0,400,400,400,230,230,230
2657,الوسطى,22/01/2023,شتوي,محلات عكاشة ,شمالي,400,0,0,0,0,400,400,400,230,230,230
2657,الوسطى,22/01/2023,شتوي,محلات عكاشة ,شرقي,400,26,38,38,18,400,400,400,230,230,230
2657,الوسطى,22/01/2023,شتوي,محلات عكاشة ,غربي,400,55,167,108,91,400,400,400,230,230,230
2657,الوسطى,22/01/2023,شتوي,مخبز الهداية,شرقي,400,55,79,49,37,400,400,400,230,230,230
2657,الوسطى,22/01/2023,شتوي,مخبز الهداية,غربي,400,90,61,61,56,400,400,400,230,230,230
2657,الوسطى,22/01/2023,شتوي,مخبز الهداية,جنوبي,400,110,95,74,33,400,400,400,230,230,230
2605,الوسطى,16/01/2023,شتوي,مدارس المعسكر - دير البلح,شرقي,400,247,92,72,159,400,400,400,230,230,230
2605,الوسطى,16/01/2023,شتوي,مدارس المعسكر - دير البلح,غربي,400,104,198,125,82,400,400,400,230,230,230
2605,الوسطى,16/01/2023,شتوي,مدارس المعسكر - دير البلح,جنوبي,400,133,203,123,88,400,400,400,230,230,230
2596,الوسطى,16/01/2023,شتوي,مدخل البصة,شمالي,400,101,134,33,84,400,400,400,230,230,230
2596,الوسطى,16/01/2023,شتوي,مدخل البصة,شرقي,400,55,22,55,16,400,400,400,230,230,230
2596,الوسطى,16/01/2023,شتوي,مدخل البصة,غربي,400,0,0,0,0,400,400,400,230,230,230
2596,الوسطى,16/01/2023,شتوي,مدخل البصة,جنوبي,400,157,74,78,74,400,400,400,230,230,230
2777,الوسطى,12/02/2023,شتوي,مدرسة شهداء دير البلح ,شمالي,400,36,44,73,33,400,400,400,230,230,230
2777,الوسطى,12/02/2023,شتوي,مدرسة شهداء دير البلح ,شرقي,400,9,41,15,29,400,400,400,230,230,230
2777,الوسطى,12/02/2023,شتوي,مدرسة شهداء دير البلح ,غربي,400,50,59,67,28,400,400,400,230,230,230
2657,الوسطى,22/01/2023,شتوي,مركز يافا,شمالي,400,115,192,126,86,400,400,400,230,230,230
2657,الوسطى,22/01/2023,شتوي,مركز يافا,شرقي,400,0,0,0,0,400,400,400,230,230,230
2605,الوسطى,16/01/2023,شتوي,مستشفى الاقصى,شرقي,400,55,8,36,30,400,400,400,230,230,230
2605,الوسطى,16/01/2023,شتوي,مستشفى الاقصى ارضي - الولادة,1,1600,302,363,387,0,400,400,400,230,230,230
2657,الوسطى,22/01/2023,شتوي,مسجد السلام ,شمالي,400,198,181,278,121,400,400,400,230,230,230
2657,الوسطى,22/01/2023,شتوي,مسجد السلام ,جنوبي,400,88,308,89,122,400,400,400,230,230,230
2594,الوسطى,12/01/2023,شتوي,مصنع ابو سلطان - خاص,جنوبي,400,33,42,55,0,400,400,400,230,230,230
2595,الوسطى,14/01/2023,شتوي,مضخة مجاري البركة,شمالي,400,4,5,5,5,400,400,400,230,230,230
2595,الوسطى,14/01/2023,شتوي,مضخة مجاري البركة,شرقي,400,166,99,63,82,400,400,400,230,230,230
2657,الوسطى,22/01/2023,شتوي,مول عودة الاعور,1,400,0,0,0,0,0,400,400,230,230,230
2605,الوسطى,16/01/2023,شتوي,نادي الخدمات - دير البلح,شمالي,400,128,143,209,111,400,400,400,230,230,230
2605,الوسطى,16/01/2023,شتوي,نادي الخدمات - دير البلح,شرقي,400,100,45,148,0,400,400,400,230,230,230
2605,الوسطى,16/01/2023,شتوي,نادي الخدمات - دير البلح,غربي,400,1,9,22,6,400,400,400,230,230,230
2605,الوسطى,16/01/2023,شتوي,نادي الخدمات - دير البلح,جنوبي,400,77,27,93,0,400,400,400,230,230,230
2657,الوسطى,22/01/2023,شتوي,يافا سكان,شمالي,400,55,68,39,0,400,400,400,230,230,230
2657,الوسطى,22/01/2023,شتوي,يافا سكان,غربي,400,35,44,81,35,400,400,400,230,230,230
2657,الوسطى,22/01/2023,شتوي,يافا سكان,جنوبي,400,26,13,22,11,400,400,400,230,230,230
,,,,,,,R,S,T,N,RS,RT,ST,RN,SN,TN
