رقم التكليف,المقر,تاريخ القياس,نظام القياس ,المحول,اتجاه السكينة,قدرةالسكينة,قياس التيار R,قياس التيار S,قياس التيار T,قياس التيار N,الجهد بين الفازات RS,الجهد بين الفازات RT,الجهد بين الفازات ST,الجهد بين الفازات RN,الجهد بين الفازات SN,الجهد بين الفازات TN
3165,الوسطى,06/08/2023,صيفي,ابراج الكلية,شمالي,400,15,18,23,9,425,426,425,237,236,237
3165,الوسطى,06/08/2023,صيفي,ابراج الكلية,شرقي,400,5,18,13,10,425,426,425,237,236,237
3165,الوسطى,06/08/2023,صيفي,ابراج الكلية,غربي,400,30,20,10,23,425,426,425,237,236,237
3165,الوسطى,06/08/2023,صيفي,ابراج الكلية,جنوبي,400,10,3,20,14,425,426,425,237,236,237
3165,الوسطى,06/08/2023,صيفي,ابراج الكلية,شمالي اضافية,630,65,56,37,45,425,426,425,237,236,237
3165,الوسطى,06/08/2023,صيفي,ابراج الكلية 2,شرقي,400,35,23,37,0,415,412,416,239,241,237
3172,الوسطى,05/08/2023,صيفي,ابراج الهدى,شرقي,400,5,5,6,2,400,399,400,230,230,228
3172,الوسطى,05/08/2023,صيفي,ابراج الهدى,غربي,250,9,18,17,7,400,399,400,230,230,228
3156,الوسطى,02/08/2023,صيفي,ابو العوف,شمالي,630,50,15,40,0,385,390,387,220,222,223
3156,الوسطى,02/08/2023,صيفي,ابو العوف,شرقي,630,60,145,140,90,385,390,387,220,222,223
3156,الوسطى,02/08/2023,صيفي,ابو العوف,جنوبي,630,30,40,122,90,385,390,387,220,222,223
3016,الوسطى,03/07/2023,صيفي,ابو جميزة,شمالي,400,2,0,0,0,384,380,386,221,223,218
3016,الوسطى,03/07/2023,صيفي,ابو جميزة,غربي,630,84,72,84,12,384,380,386,221,223,218
3016,الوسطى,03/07/2023,صيفي,ابو جميزة,جنوبي,630,153,85,125,65,384,380,386,221,223,218
3153,الوسطى,03/08/2023,صيفي,ابو حسني,1,400,75,100,95,25,385,385,380,220,224,220
3153,الوسطى,03/08/2023,صيفي,ابو حسني,2,400,70,105,80,40,385,385,380,220,224,220
3153,الوسطى,03/08/2023,صيفي,ابو حسني,3,400,65,70,45,20,385,385,380,220,224,220
3153,الوسطى,03/08/2023,صيفي,ابو حسني,4,400,20,30,40,15,385,385,380,220,224,220
3179,الوسطى,08/08/2023,صيفي,ابو سلطان سكان,شرقي,630,72,75,80,29,400,400,401,230,230,230
3179,الوسطى,08/08/2023,صيفي,ابو سلطان سكان,غربي,630,75,74,35,35,400,400,401,230,230,230
3179,الوسطى,08/08/2023,صيفي,ابو سلطان سكان,جنوبي,630,20,15,10,10,400,400,401,230,230,230
3139,الوسطى,31/07/2023,صيفي,ابو سليم,شمالي,630,70,109,107,0,385,384,380,222,220,220
3139,الوسطى,31/07/2023,صيفي,ابو سليم,شرقي,630,74,82,114,40,385,384,380,222,220,220
3139,الوسطى,31/07/2023,صيفي,ابو سليم,غربي,630,62,22,114,0,385,384,380,222,220,220
3139,الوسطى,31/07/2023,صيفي,ابو سليم 2,شرقي,630,55,37,116,60,372,371,370,212,216,213
3139,الوسطى,31/07/2023,صيفي,ابو سليم 2,جنوبي,630,136,140,144,35,372,371,370,212,216,213
3049,الوسطى,11/07/2023,صيفي,ابو عريف 3 - الزريعي,لوحة سكادا ض.م,400,41,63,8,46,397,395,391,226,227,229
3049,الوسطى,11/07/2023,صيفي,ابو عريف 3 - الزريعي,لوحة سكادا ض.م,400,82,67,68,26,397,395,391,226,227,229
3049,الوسطى,11/07/2023,صيفي,ابو عريف 3 - الزريعي,لوحة سكادا ض.م,400,65,39,34,25,397,395,391,226,227,229
3049,الوسطى,11/07/2023,صيفي,ابو عريف 3 - الزريعي,لوحة سكادا ض.م,400,22,24,15,6,397,395,391,226,227,229
3034,الوسطى,09/07/2023,صيفي,ابو فياض,شمالي,630,77,55,47,30,400,400,400,230,230,230
3034,الوسطى,09/07/2023,صيفي,ابو فياض,شرقي,400,73,71,85,25,400,400,400,230,230,230
3034,الوسطى,09/07/2023,صيفي,ابو فياض,جنوبي,630,116,118,107,40,400,400,400,230,230,230
3228,الوسطى,20/08/2023,صيفي,ابو ندى - الحبيبي,شمالي,630,135,75,132,60,378,378,378,212,212,212
3228,الوسطى,20/08/2023,صيفي,ابو ندى - الحبيبي,غربي,630,205,8,100,120,378,378,378,212,212,212
3228,الوسطى,20/08/2023,صيفي,ابو ندى - الحبيبي,جنوبي,630,100,112,45,60,378,378,378,212,212,212
3165,الوسطى,06/08/2023,صيفي,ابو هولي - ام ظهير,شمالي,630,50,35,35,14,378,377,378,221,212,210
3165,الوسطى,06/08/2023,صيفي,ابو هولي - ام ظهير,شرقي,400,117,66,63,0,378,377,378,221,212,210
3165,الوسطى,06/08/2023,صيفي,ابو هولي - ام ظهير,غربي,630,40,32,20,10,378,377,378,221,212,210
3165,الوسطى,06/08/2023,صيفي,ابو هولي - ام ظهير,جنوبي,400,65,51,23,0,378,377,378,221,212,210
3249,الوسطى,27/08/2023,صيفي,ابو هولي - صلاح الدين,1,400,252,275,336,0,400,400,400,230,230,230
3016,الوسطى,03/07/2023,صيفي,احمد رباح,شمالي,630,56,120,90,5,381,380,379,217,220,218
3016,الوسطى,03/07/2023,صيفي,احمد رباح,شرقي,630,78,68,98,0,381,380,379,217,220,218
3016,الوسطى,03/07/2023,صيفي,احمد رباح,جنوبي,630,52,45,66,0,381,380,379,217,220,218
3016,الوسطى,03/07/2023,صيفي,افراز ابو سليم,شمالي,630,208,204,140,66,379,384,380,221,220,219
3016,الوسطى,03/07/2023,صيفي,افراز ابو سليم,شرقي,630,12,35,20,25,379,384,380,221,220,219
3165,الوسطى,06/08/2023,صيفي,الاقصى سكان,شمالي,630,40,67,68,0,416,415,416,240,241,241
3165,الوسطى,06/08/2023,صيفي,الاقصى سكان,غربي,400,110,145,102,0,416,415,416,240,241,241
3165,الوسطى,06/08/2023,صيفي,الاقصى سكان,جنوبي,630,75,30,30,0,416,415,416,240,241,241
3156,الوسطى,02/08/2023,صيفي,البحيصي,شمالي,630,85,95,100,50,383,390,391,223,223,223
3156,الوسطى,02/08/2023,صيفي,البحيصي,جنوبي,630,100,70,145,55,383,390,391,223,223,223
3016,الوسطى,03/07/2023,صيفي,البخاري,شمالي,630,126,84,116,44,380,386,381,218,216,221
3016,الوسطى,03/07/2023,صيفي,البخاري,شرقي,630,64,73,50,27,380,386,381,218,216,221
3016,الوسطى,03/07/2023,صيفي,البخاري,جنوبي,400,0,0,0,0,380,386,381,218,216,221
3039,الوسطى,11/07/2023,صيفي,البركة,شمالي,630,93,8,19,2,385,384,386,221,216,219
3039,الوسطى,11/07/2023,صيفي,البركة,شرقي,630,53,61,86,37,385,384,386,221,216,219
3039,الوسطى,11/07/2023,صيفي,البركة,غربي,630,82,123,100,0,385,384,386,221,216,219
3039,الوسطى,11/07/2023,صيفي,البركة,جنوبي,630,64,56,45,18,385,384,386,221,216,219
3034,الوسطى,09/07/2023,صيفي,البروك,شمالي,250,30,33,57,0,400,400,400,230,230,230
3034,الوسطى,09/07/2023,صيفي,البروك,غربي,400,66,44,82,15,400,400,400,230,230,230
3034,الوسطى,09/07/2023,صيفي,البروك,جنوبي,400,81,115,41,18,400,400,400,230,230,230
3049,الوسطى,11/07/2023,صيفي,البلد,لوحة سكادا ض.م,400,143,70,110,97,388,384,391,223,225,227
3049,الوسطى,11/07/2023,صيفي,البلد,لوحة سكادا ض.م,400,137,113,107,67,388,384,391,223,225,227
3049,الوسطى,11/07/2023,صيفي,البلد,لوحة سكادا ض.م,400,122,184,120,100,388,384,391,223,225,227
3049,الوسطى,11/07/2023,صيفي,البلد,لوحة سكادا ض.م,400,63,18,126,106,388,384,391,223,225,227
3049,الوسطى,11/07/2023,صيفي,البلد,لوحة سكادا ض.م,400,24,18,5,0,388,384,391,223,225,227
3164,الوسطى,05/07/2023,صيفي,البنا,شمالي,400,0,0,0,0,400,400,400,230,230,230
3164,الوسطى,05/07/2023,صيفي,البنا,شرقي,630,50,35,55,20,400,400,400,230,230,230
3164,الوسطى,05/07/2023,صيفي,البنا,غربي,630,65,50,75,30,400,400,400,230,230,230
3164,الوسطى,05/07/2023,صيفي,البنا,جنوبي,630,25,55,25,30,400,400,400,230,230,230
3156,الوسطى,02/08/2023,صيفي,البيت الذهبي,1,400,10,6,20,7,390,390,387,222,219,223
3156,الوسطى,02/08/2023,صيفي,البيت الذهبي,2,400,15,5,7,0,390,390,387,222,219,223
3156,الوسطى,02/08/2023,صيفي,البيت الذهبي,3,400,25,0,0,0,390,390,387,222,219,223
3093,الوسطى,19/07/2023,صيفي,البيت الذهبي,1,400,38,47,71,24,385,385,385,220,225,223
3093,الوسطى,19/07/2023,صيفي,البيئة,شمالي,630,3,85,15,65,385,386,377,223,219,219
3093,الوسطى,19/07/2023,صيفي,البيئة,شرقي,630,130,67,110,50,385,386,377,223,219,219
3093,الوسطى,19/07/2023,صيفي,البيئة,غربي,630,30,62,25,40,385,386,377,223,219,219
3093,الوسطى,19/07/2023,صيفي,البيئة,جنوبي,630,105,160,70,80,385,386,377,223,219,219
3228,الوسطى,20/08/2023,صيفي,التاهيل - كراج المعسكر,شمالي,400,49,190,120,120,380,380,380,215,215,216
3228,الوسطى,20/08/2023,صيفي,التاهيل - كراج المعسكر,شرقي,630,155,150,280,120,380,380,380,215,215,216
3228,الوسطى,20/08/2023,صيفي,التاهيل - كراج المعسكر,غربي,630,110,60,75,50,380,380,380,215,215,216
3049,الوسطى,11/07/2023,صيفي,التحلية - جامع ابو سليم,لوحة سكادا ض.م,400,84,85,60,35,390,385,391,227,224,223
3049,الوسطى,11/07/2023,صيفي,التحلية - جامع ابو سليم,لوحة سكادا ض.م,400,152,108,89,50,390,385,391,227,224,223
3049,الوسطى,11/07/2023,صيفي,التحلية - جامع ابو سليم,لوحة سكادا ض.م,400,45,18,54,42,390,385,391,227,224,223
3146,الوسطى,02/08/2023,صيفي,التل الاخضر - ابو حجير,شرقي,630,14,7,1,14,400,400,400,230,230,230
3146,الوسطى,02/08/2023,صيفي,التل الاخضر - ابو حجير,غربي,630,54,61,60,13,400,400,400,230,230,230
3146,الوسطى,02/08/2023,صيفي,التل الاخضر - ابو حجير,جنوبي,630,95,138,75,57,400,400,400,230,230,230
3214,الوسطى,15/08/2023,صيفي,التموين,جنوبي,400,38,51,54,17,402,402,402,231,231,231
3214,الوسطى,15/08/2023,صيفي,التموين,1,400,9,13,13,15,402,402,402,231,231,231
3214,الوسطى,15/08/2023,صيفي,التموين,2,400,125,130,107,40,402,402,402,231,231,231
3214,الوسطى,15/08/2023,صيفي,التموين,3,400,82,70,90,30,402,402,402,231,231,231
3049,الوسطى,11/07/2023,صيفي,الحدبة,لوحة سكادا ض.م,400,50,55,50,15,378,371,379,220,220,220
3049,الوسطى,11/07/2023,صيفي,الحدبة,لوحة سكادا ض.م,400,40,72,86,35,378,371,379,220,220,220
3049,الوسطى,11/07/2023,صيفي,الحدبة,لوحة سكادا ض.م,400,4,6,2,5,378,371,379,220,220,220
3049,الوسطى,11/07/2023,صيفي,الحدبة,لوحة سكادا ض.م,400,26,7,2,20,378,371,379,220,220,220
3086,الوسطى,17/07/2023,صيفي,الحكر - السويركي,شمالي,630,180,122,160,0,400,400,400,230,230,230
3086,الوسطى,17/07/2023,صيفي,الحكر - السويركي,شرقي,630,0,0,0,0,400,400,400,230,230,230
3086,الوسطى,17/07/2023,صيفي,الحكر - السويركي,غربي,630,0,0,0,0,400,400,400,230,230,230
3086,الوسطى,17/07/2023,صيفي,الحكر - السويركي,جنوبي,630,160,92,117,0,400,400,400,230,230,230
3086,الوسطى,17/07/2023,صيفي,الحكر - السويركي,غربي اضافية,630,105,80,70,0,400,400,400,230,230,230
3093,الوسطى,19/07/2023,صيفي,السلام,لوحة سكادا ض.م,400,2,1,5,0,380,380,380,220,220,220
3093,الوسطى,19/07/2023,صيفي,السلام,لوحة سكادا ض.م,400,185,142,45,117,380,380,380,220,220,220
3093,الوسطى,19/07/2023,صيفي,السلام,لوحة سكادا ض.م,400,107,95,218,118,380,380,380,220,220,220
3039,الوسطى,11/07/2023,صيفي,السلقاوي,شمالي,630,93,57,126,55,373,369,371,205,209,206
3039,الوسطى,11/07/2023,صيفي,السلقاوي,شرقي,630,114,151,127,50,373,369,371,205,209,206
3039,الوسطى,11/07/2023,صيفي,السلقاوي,جنوبي,630,130,41,64,85,373,369,371,205,209,206
3164,الوسطى,05/07/2023,صيفي,الشارع التجاري,شمالي,630,65,35,60,30,400,400,400,230,230,230
3164,الوسطى,05/07/2023,صيفي,الشارع التجاري,شرقي,630,70,50,80,25,400,400,400,230,230,230
3164,الوسطى,05/07/2023,صيفي,الشارع التجاري,غربي,630,70,45,50,35,400,400,400,230,230,230
3164,الوسطى,05/07/2023,صيفي,الشارع التجاري,جنوبي,630,95,95,140,45,400,400,400,230,230,230
3164,الوسطى,05/07/2023,صيفي,الشيخ داوود,شمالي,400,65,60,15,42,400,400,400,230,230,230
3164,الوسطى,05/07/2023,صيفي,الشيخ داوود,شرقي,630,125,145,65,65,400,400,400,230,230,230
3164,الوسطى,05/07/2023,صيفي,الشيخ داوود,غربي,630,45,55,80,30,400,400,400,230,230,230
3164,الوسطى,05/07/2023,صيفي,الشيخ داوود,جنوبي,400,100,130,140,40,400,400,400,230,230,230
3179,الوسطى,08/08/2023,صيفي,المحطة - ابو مصبح,1,400,80,90,190,130,375,375,375,214,215,214
3179,الوسطى,08/08/2023,صيفي,المحطة - ابو مصبح,2,400,15,30,42,20,375,375,375,214,215,214
3179,الوسطى,08/08/2023,صيفي,المحطة - ابو مصبح,3,400,10,21,16,10,375,375,375,214,215,214
3179,الوسطى,08/08/2023,صيفي,المحطة - ابو مصبح,4,400,102,80,30,56,375,375,375,214,215,214
3086,الوسطى,17/07/2023,صيفي,المزرعة,شمالي,630,53,65,95,0,400,400,400,230,230,230
3086,الوسطى,17/07/2023,صيفي,المزرعة,شرقي,400,8,35,15,52,400,400,400,230,230,230
3086,الوسطى,17/07/2023,صيفي,المزرعة,غربي,400,75,210,53,0,400,400,400,230,230,230
3086,الوسطى,17/07/2023,صيفي,المزرعة,جنوبي,630,125,80,80,0,400,400,400,230,230,230
3034,الوسطى,09/07/2023,صيفي,المشاعلة,شمالي,400,143,59,136,0,381,375,381,217,219,218
3034,الوسطى,09/07/2023,صيفي,المشاعلة,شرقي,630,104,194,94,0,381,375,381,217,219,218
3034,الوسطى,09/07/2023,صيفي,المشاعلة,غربي,400,77,61,82,0,381,375,381,217,219,218
3034,الوسطى,09/07/2023,صيفي,المشاعلة,جنوبي,400,105,135,95,28,381,375,381,217,219,218
3140,الوسطى,31/07/2023,صيفي,النجار (البصة) جامع الرباط,شمالي,630,84,104,65,42,381,388,389,222,223,227
3140,الوسطى,31/07/2023,صيفي,النجار (البصة) جامع الرباط,غربي,630,39,2,0,27,381,388,389,222,223,227
3140,الوسطى,31/07/2023,صيفي,النجار (البصة) جامع الرباط,جنوبي,630,133,160,120,76,381,388,389,222,223,227
3164,الوسطى,05/07/2023,صيفي,النجار (البصة) جامع الرباط,شمالي,630,40,80,45,35,400,400,400,230,230,230
3164,الوسطى,05/07/2023,صيفي,النجار (البصة) جامع الرباط,غربي,630,20,10,5,15,400,400,400,230,230,230
3164,الوسطى,05/07/2023,صيفي,النجار (البصة) جامع الرباط,جنوبي,630,130,90,60,60,400,400,400,230,230,230
3140,الوسطى,31/07/2023,صيفي,النخالة,شمالي,630,106,100,78,30,376,369,378,215,218,221
3140,الوسطى,31/07/2023,صيفي,النخالة,شرقي,630,15,17,38,28,376,369,378,215,218,221
3140,الوسطى,31/07/2023,صيفي,النخالة,غربي,630,78,47,76,24,376,369,378,215,218,221
3140,الوسطى,31/07/2023,صيفي,النخالة,جنوبي,630,99,40,55,58,376,369,378,215,218,221
3156,الوسطى,02/08/2023,صيفي,الهباش,شمالي,400,21,40,35,0,390,385,390,225,228,228
3156,الوسطى,02/08/2023,صيفي,الهباش,غربي,400,70,112,50,0,390,385,390,225,228,225
3156,الوسطى,02/08/2023,صيفي,الهباش,جنوبي,400,45,60,40,0,390,385,390,225,228,225
3156,الوسطى,02/08/2023,صيفي,الهباش,غربي اضافية,630,135,150,93,0,390,385,390,225,228,225
3049,الوسطى,11/07/2023,صيفي,أبو عريف 1,لوحة سكادا ض.م,400,73,122,91,54,376,383,385,220,223,219
3049,الوسطى,11/07/2023,صيفي,أبو عريف 1,لوحة سكادا ض.م,400,35,42,43,4,376,383,385,220,223,219
3049,الوسطى,11/07/2023,صيفي,أبو عريف 1,لوحة سكادا ض.م,400,112,143,194,60,376,383,385,220,223,219
3049,الوسطى,11/07/2023,صيفي,أبو عريف 1,لوحة سكادا ض.م,400,45,65,78,40,376,383,385,220,223,219
3049,الوسطى,11/07/2023,صيفي,أبوعريف 2,لوحة سكادا ض.م,400,86,50,76,43,388,392,395,225,225,228
3049,الوسطى,11/07/2023,صيفي,أبوعريف 2,لوحة سكادا ض.م,400,80,56,62,26,388,392,395,225,225,228
3049,الوسطى,11/07/2023,صيفي,أبوعريف 2,لوحة سكادا ض.م,400,115,111,91,33,388,392,395,225,225,228
3049,الوسطى,11/07/2023,صيفي,أبوعريف 2,لوحة سكادا ض.م,400,29,61,80,43,388,392,395,225,225,228
3153,الوسطى,03/08/2023,صيفي,بابور الطحين,شرقي,630,115,116,140,70,390,390,382,220,223,227
3153,الوسطى,03/08/2023,صيفي,بابور الطحين,غربي,630,10,15,40,30,390,390,382,220,223,227
3153,الوسطى,03/08/2023,صيفي,بابور الطحين,جنوبي,630,140,150,150,45,390,390,382,220,223,227
3156,الوسطى,02/08/2023,صيفي,برج ابو سمرة ارضي,1,400,9,22,20,13,384,378,384,219,219,218
3156,الوسطى,02/08/2023,صيفي,برج ابو سمرة ارضي,2,400,19,15,17,6,384,378,384,219,219,218
3156,الوسطى,02/08/2023,صيفي,برج ابو سمرة ارضي,3,400,27,30,23,21,384,378,384,219,219,218
3156,الوسطى,02/08/2023,صيفي,برج فلسطين 2+3,شمالي,630,10,0,0,2,384,376,391,219,222,219
3156,الوسطى,02/08/2023,صيفي,برج فلسطين 2+3,شرقي,630,120,130,100,60,384,376,391,219,222,219
3156,الوسطى,02/08/2023,صيفي,برج فلسطين 2+3,غربي,630,35,50,30,33,384,376,391,219,222,219
3156,الوسطى,02/08/2023,صيفي,برج فلسطين 2+3,جنوبي,400,113,140,100,35,384,376,391,219,222,219
3156,الوسطى,02/08/2023,صيفي,برج ماضي,شمالي,400,93,170,150,55,378,376,370,218,215,218
3034,الوسطى,09/07/2023,صيفي,بلاستيكو,شمالي,400,61,10,60,47,371,381,378,217,216,220
3034,الوسطى,09/07/2023,صيفي,بلاستيكو,شرقي,400,68,57,78,0,371,381,378,217,216,22
3034,الوسطى,09/07/2023,صيفي,بلاستيكو,جنوبي,400,107,134,95,35,371,381,378,217,216,220
3179,الوسطى,08/08/2023,صيفي,بنك فلسطين - دير البلح,شمالي,400,41,32,32,12,375,375,374,215,214,215
3179,الوسطى,08/08/2023,صيفي,بنك فلسطين - دير البلح,شرقي,400,0,0,0,0,375,375,374,215,214,215
3223,الوسطى,17/08/2023,صيفي,بنك فلسطين (الزهراء),شمالي,630,58,50,56,0,413,411,412,231,232,233
3223,الوسطى,17/08/2023,صيفي,بنك فلسطين (الزهراء),شرقي,250,10,14,15,10,413,411,412,231,232,233
3039,الوسطى,11/07/2023,صيفي,بئر مياه دير البلح 4,شمالي,400,111,78,83,0,382,383,380,218,219,217
3039,الوسطى,11/07/2023,صيفي,بئر مياه دير البلح 4,شرقي,400,50,50,47,1,382,383,380,218,219,217
3039,الوسطى,11/07/2023,صيفي,بئر مياه دير البلح 5,شمالي,400,87,71,140,0,402,400,397,232,230,233
3039,الوسطى,11/07/2023,صيفي,بئر مياه دير البلح 5,شرقي,630,150,88,119,0,402,400,397,230,230,233
3039,الوسطى,11/07/2023,صيفي,بئر مياه دير البلح 5,غربي,630,2,2,2,10,402,400,397,233,230,233
3039,الوسطى,11/07/2023,صيفي,بئر مياه دير البلح 6,غربي,250,1,3,1,0,387,391,390,223,225,228
3249,الوسطى,27/08/2023,صيفي,تحلية البصة - ارضي,1,400,615,554,518,0,400,400,400,230,230,230
3249,الوسطى,27/08/2023,صيفي,تحلية البصة - هوائي,شمالي,400,0,0,0,0,411,411,411,223,223,223
3249,الوسطى,27/08/2023,صيفي,تحلية البصة - هوائي,1,400,250,297,266,25,411,411,411,223,223,223
3227,الوسطى,20/08/2023,صيفي,تحلية مياة البركة - دير البلح,شرقي,250,14,36,19,8,411,410,411,235,234,235
3086,الوسطى,17/07/2023,صيفي,جامع الفرقان,شمالي,630,145,202,95,85,400,400,400,230,230,230
3086,الوسطى,17/07/2023,صيفي,جامع الفرقان,شرقي,630,25,70,15,45,400,400,400,230,230,230
3086,الوسطى,17/07/2023,صيفي,جامع الفرقان,جنوبي,630,61,55,30,35,400,400,400,230,230,230
3268,الوسطى,04/09/2023,صيفي,جامع الفرقان الشرقي,شرقي,630,0,0,2,2,394,393,394,225,226,225
3268,الوسطى,04/09/2023,صيفي,جامع الفرقان الشرقي,غربي,630,0,0,3,4,394,393,394,225,226,225
3228,الوسطى,20/08/2023,صيفي,جامع عباد الرحمن - معسكر دير البلح,شمالي,630,115,140,125,15,385,385,385,225,225,225
3228,الوسطى,20/08/2023,صيفي,جامع عباد الرحمن - معسكر دير البلح,شرقي,630,90,145,145,0,385,385,385,225,225,225
3228,الوسطى,20/08/2023,صيفي,جامع عباد الرحمن - معسكر دير البلح,غربي,630,15,45,20,0,385,385,385,225,225,225
3228,الوسطى,20/08/2023,صيفي,جامع عباد الرحمن - معسكر دير البلح,جنوبي,630,55,75,72,40,385,385,385,225,225,225
3016,الوسطى,03/07/2023,صيفي,حارة برغوث - الراعي,شمالي,630,82,118,96,41,395,393,394,231,230,229
3016,الوسطى,03/07/2023,صيفي,حارة برغوث - الراعي,شرقي,630,22,29,40,12,395,393,394,231,230,229
3016,الوسطى,03/07/2023,صيفي,حارة برغوث - الراعي,غربي,630,1,5,3,2,395,393,394,231,230,229
3016,الوسطى,03/07/2023,صيفي,حارة برغوث - الراعي,جنوبي,630,100,80,93,0,395,393,394,231,230,229
3165,الوسطى,06/08/2023,صيفي,خزان الاقصى,جنوبي,400,62,60,66,7,405,407,408,234,234,234
3165,الوسطى,06/08/2023,صيفي,خزان الاقصى,4,400,135,72,65,75,405,407,408,234,234,234
3039,الوسطى,11/07/2023,صيفي,خزان البركة,شرقي,630,156,145,155,5,399,400,400,230,230,220
3016,الوسطى,03/07/2023,صيفي,رنق البخاري,شمالي,630,85,66,70,25,373,378,378,219,217,216
3016,الوسطى,03/07/2023,صيفي,رنق البخاري,غربي,630,76,78,37,42,373,378,378,219,217,216
3016,الوسطى,03/07/2023,صيفي,رنق البخاري,جنوبي,630,60,55,80,26,373,378,378,219,217,216
3034,الوسطى,09/07/2023,صيفي,رنق المشاعلة,غربي,630,77,59,34,33,400,400,400,230,230,230
3034,الوسطى,09/07/2023,صيفي,رنق المشاعلة,جنوبي,630,82,115,165,77,400,400,400,230,230,230
3156,الوسطى,02/08/2023,صيفي,زكريا,شرقي,630,140,142,90,70,391,385,393,215,220,210
3156,الوسطى,02/08/2023,صيفي,زكريا,غربي,630,170,100,150,60,391,385,393,215,220,210
3156,الوسطى,02/08/2023,صيفي,زكريا,جنوبي,400,66,80,60,0,391,385,393,215,220,210
3156,الوسطى,02/08/2023,صيفي,زكريا,جنوبي,400,66,80,60,0,391,385,393,215,220,210
3049,الوسطى,11/07/2023,صيفي,ساهر الاعور,لوحة سكادا ض.م,400,45,28,53,53,390,396,394,228,225,228
3049,الوسطى,11/07/2023,صيفي,ساهر الاعور,لوحة سكادا ض.م,400,40,36,49,27,390,396,394,228,225,228
3156,الوسطى,02/08/2023,صيفي,سلمان,شمالي,630,50,55,30,36,390,382,385,222,226,228
3156,الوسطى,02/08/2023,صيفي,سلمان,شمالي,630,50,55,30,36,390,382,385,222,226,228
3156,الوسطى,02/08/2023,صيفي,سلمان,غربي,630,115,70,90,0,390,382,385,222,226,228
3156,الوسطى,02/08/2023,صيفي,سلمان,جنوبي,630,85,60,100,38,390,382,385,222,226,228
3164,الوسطى,05/07/2023,صيفي,شارع العزايزة,شمالي,630,155,210,130,80,400,400,400,230,230,230
3164,الوسطى,05/07/2023,صيفي,شارع العزايزة,شرقي,630,80,75,40,42,400,400,400,230,230,230
3164,الوسطى,05/07/2023,صيفي,شارع العزايزة,جنوبي,630,40,25,60,30,400,400,400,230,230,230
3016,الوسطى,03/07/2023,صيفي,صبري,شمالي,400,19,12,20,5,373,370,375,216,217,214
3016,الوسطى,03/07/2023,صيفي,صبري,شرقي,400,90,21,54,45,373,370,375,216,217,214
3016,الوسطى,03/07/2023,صيفي,صبري,غربي,630,112,99,112,22,373,370,375,216,217,214
3016,الوسطى,03/07/2023,صيفي,صبري,جنوبي,400,17,27,18,9,373,370,375,216,217,214
3086,الوسطى,17/07/2023,صيفي,عاهد اللحام,شرقي,630,45,100,110,55,400,400,400,230,230,230
3086,الوسطى,17/07/2023,صيفي,عاهد اللحام,غربي,630,80,41,60,21,400,400,400,230,230,230
3086,الوسطى,17/07/2023,صيفي,عاهد اللحام,جنوبي,630,80,130,100,53,400,400,400,230,230,230
3039,الوسطى,11/07/2023,صيفي,عدلي,شمالي,630,181,85,145,0,384,381,385,222,219,220
3039,الوسطى,11/07/2023,صيفي,عدلي,شرقي,400,20,3,0,0,384,381,385,222,219,220
3039,الوسطى,11/07/2023,صيفي,عدلي,غربي,630,65,150,173,97,384,381,385,222,219,220
3039,الوسطى,11/07/2023,صيفي,عدلي,جنوبي,630,31,43,66,0,384,381,385,222,219,220
3164,الوسطى,05/07/2023,صيفي,عمارة دلول - عكيلة,شرقي,630,120,180,110,80,400,400,400,230,230,230
3164,الوسطى,05/07/2023,صيفي,عمارة دلول - عكيلة,غربي,630,25,75,15,55,400,400,400,230,230,230
3164,الوسطى,05/07/2023,صيفي,عمارة دلول - عكيلة,جنوبي,400,5,35,15,26,400,400,400,230,230,230
3093,الوسطى,19/07/2023,صيفي,عمارة صيام - دير البلح,شمالي,630,185,50,45,0,375,376,375,217,216,217
3093,الوسطى,19/07/2023,صيفي,عمارة صيام - دير البلح,شرقي,630,210,100,105,109,375,376,375,217,216,217
3093,الوسطى,19/07/2023,صيفي,عمارة صيام - دير البلح,غربي,630,30,120,22,92,375,376,375,217,216,217
3093,الوسطى,19/07/2023,صيفي,عمارة صيام - دير البلح,جنوبي,400,20,31,13,15,375,376,375,217,216,217
3179,الوسطى,08/08/2023,صيفي,عيادة الوكالة - دير البلح ,شمالي,250,25,20,3,25,390,390,391,225,225,225
3179,الوسطى,08/08/2023,صيفي,عيادة الوكالة - دير البلح ,غربي,630,120,95,100,35,390,390,391,225,225,225
3179,الوسطى,08/08/2023,صيفي,فقاسة صافي ,غربي,250,85,90,85,6,390,390,390,225,225,225
3179,الوسطى,08/08/2023,صيفي,فقاسة عفانة,جنوبي,400,45,45,43,3,390,391,390,215,215,214
3086,الوسطى,17/07/2023,صيفي,قصر ابو سليم,شمالي,630,130,130,160,30,400,400,400,230,230,230
3086,الوسطى,17/07/2023,صيفي,قصر ابو سليم,شرقي,400,130,160,150,30,400,400,400,230,230,230
3086,الوسطى,17/07/2023,صيفي,قصر ابو سليم,جنوبي,630,120,50,115,55,400,400,400,230,230,230
3034,الوسطى,09/07/2023,صيفي,قوات ال17,شرقي,400,106,105,70,36,400,400,400,230,230,230
3034,الوسطى,09/07/2023,صيفي,قوات ال17,غربي,400,227,164,146,51,400,400,400,230,230,230
3153,الوسطى,03/08/2023,صيفي,كلية فلسطين التقنية - خاص,شرقي اضافية,630,170,220,100,105,360,369,370,215,215,214
3153,الوسطى,03/08/2023,صيفي,كلية فلسطين التقنية - سكان,شمالي,630,195,100,150,85,357,357,357,210,212,210
3153,الوسطى,03/08/2023,صيفي,كلية فلسطين التقنية - سكان,غربي,630,150,130,145,37,357,357,357,210,212,210
3153,الوسطى,03/08/2023,صيفي,كلية فلسطين التقنية - سكان,جنوبي,630,60,75,90,40,357,357,357,210,212,210
3165,الوسطى,06/08/2023,صيفي,محطة غاز ابو سليم,شمالي,630,50,90,77,40,370,377,379,212,214,222
3165,الوسطى,06/08/2023,صيفي,محطة غاز ابو سليم,غربي,630,23,24,24,13,370,377,379,212,214,222
3165,الوسطى,06/08/2023,صيفي,محطة غاز ابو سليم,جنوبي,630,20,20,12,0,370,377,379,212,214,222
3153,الوسطى,03/08/2023,صيفي,محلات عكاشة ,شرقي,630,60,130,30,51,390,391,384,220,222,226
3153,الوسطى,03/08/2023,صيفي,محلات عكاشة ,غربي,630,70,130,76,40,390,391,384,220,222,226
3093,الوسطى,19/07/2023,صيفي,مخبز الهداية,شرقي,630,15,55,45,36,373,383,380,217,217,217
3093,الوسطى,19/07/2023,صيفي,مخبز الهداية,غربي,400,52,52,49,23,383,383,380,217,217,217
3093,الوسطى,19/07/2023,صيفي,مخبز الهداية,جنوبي,630,74,65,65,18,373,383,380,217,217,217
3156,الوسطى,02/08/2023,صيفي,مدارس المعسكر - دير البلح,شرقي,400,75,55,40,34,360,365,360,210,207,209
3156,الوسطى,02/08/2023,صيفي,مدارس المعسكر - دير البلح,غربي,630,55,60,110,65,360,365,360,210,207,209
3156,الوسطى,02/08/2023,صيفي,مدارس المعسكر - دير البلح,جنوبي,630,66,150,80,86,360,365,360,210,207,209
3164,الوسطى,05/07/2023,صيفي,مدخل البصة,شمالي,250,50,80,50,35,400,400,400,230,230,230
3164,الوسطى,05/07/2023,صيفي,مدخل البصة,شرقي,630,10,50,5,45,400,400,400,230,230,230
3164,الوسطى,05/07/2023,صيفي,مدخل البصة,جنوبي,400,90,90,80,20,400,400,400,230,230,230
3165,الوسطى,06/08/2023,صيفي,مدرسة شهداء دير البلح ,شمالي,630,30,90,85,45,369,377,378,215,215,219
3165,الوسطى,06/08/2023,صيفي,مدرسة شهداء دير البلح ,شرقي,630,30,85,50,51,369,377,378,215,215,219
3165,الوسطى,06/08/2023,صيفي,مدرسة شهداء دير البلح ,جنوبي,630,17,33,3,27,369,377,378,215,215,219
3093,الوسطى,19/07/2023,صيفي,مركز يافا,شمالي,400,285,310,180,23,386,386,386,221,221,221
3165,الوسطى,06/08/2023,صيفي,مستشفى الاقصى,شرقي,630,12,23,11,0,415,415,414,240,241,240
3250,الوسطى,28/08/2023,صيفي,مستشفى الاقصى ارضي - الولادة,1,1600,312,370,397,0,400,400,400,230,230,230
3153,الوسطى,03/08/2023,صيفي,مسجد السلام ,شمالي,630,250,170,170,105,372,363,371,210,212,215
3153,الوسطى,03/08/2023,صيفي,مسجد السلام ,جنوبي,630,120,90,70,55,372,363,371,210,212,215
3179,الوسطى,08/08/2023,صيفي,مصنع ابو سلطان - خاص,جنوبي,400,61,58,72,15,400,400,401,230,230,230
3039,الوسطى,11/07/2023,صيفي,مضخة مجاري البركة,شمالي,400,19,25,22,0,390,396,395,222,227,231
3039,الوسطى,11/07/2023,صيفي,مضخة مجاري البركة,شرقي,630,69,121,77,58,390,396,395,222,227,231
3093,الوسطى,19/07/2023,صيفي,يافا سكان,شمالي,630,35,70,45,0,370,373,375,214,214,214
3093,الوسطى,19/07/2023,صيفي,يافا سكان,شرقي,630,8,6,2,0,370,373,375,214,214,214
3093,الوسطى,19/07/2023,صيفي,يافا سكان,غربي,630,23,70,107,78,370,373,375,214,214,214
3093,الوسطى,19/07/2023,صيفي,يافا سكان,جنوبي,630,20,6,35,25,370,373,375,214,214,214
